file,prediction
F_20200218001001_19_T8.6.wav,0.0
F_20200218025608_52_T10.7.wav,0.0
F_20200218051639_80_T9.4.wav,1.0
F_20200218061138_91_T8.8.wav,1.0
F_20200218061638_92_T8.8.wav,0.0
F_20200218065136_99_T8.4.wav,0.0
F_20200218104152_45_T15.0.wav,0.0
F_20200223150005_58_T9.9.wav,0.0
F_20200223152505_63_T9.6.wav,0.0
F_20200223172501_87_T8.6.wav,0.0
F_20200223180959_96_T8.3.wav,0.0
F_20200224082457_67_T5.7.wav,0.0
F_20200520202256_9.wav,0.0
F_20200523203938_10_T21.9.wav,0.0
F_20200523204438_11_T19.0.wav,0.0
F_20200529180809_1_T26.4.wav,0.0
F_20200529181419_2_T24.1.wav,0.0
F_20200529181919_3_T22.5.wav,0.0
F_20200529182445_4_T25.1.wav,0.0
F_20200529182945_5_T21.5.wav,0.0
F_20200529183445_6_T20.6.wav,0.0
F_20200529183944_7_T22.8.wav,0.0
F_20200529184444_8_T19.9.wav,0.0
F_20200529184944_9_T19.3.wav,0.0
F_20200529185447_10_T22.2.wav,0.0
F_20200529185947_11_T19.3.wav,0.0
F_20200529190447_12_T18.6.wav,0.0
F_20200604170846_1.wav,0.0
F_20200604171455_2.wav,0.0
F_20200604171955_3.wav,0.0
F_20200604172520_4.wav,0.0
F_20200604173020_5.wav,0.0
F_20200604173520_6.wav,0.0
F_20200604174023_7.wav,0.0
F_20200604174523_8.wav,0.0
F_20200604175023_9.wav,0.0
F_20200604175522_10.wav,0.0
F_20200604180022_11.wav,0.0
F_20200604180522_12.wav,0.0
F_20200604181021_13.wav,0.0
F_20200604181522_14.wav,0.0
F_20200604182022_15.wav,0.0
F_20200529181109_1.wav,0.0
F_20200529182157_2.wav,0.0
F_20200529183157_3.wav,0.0
F_20200529184236_4.wav,0.0
F_20200529185236_5.wav,0.0
F_20200529190236_6.wav,1.0
F_20200604171131_1_T27.0.wav,0.0
F_20200604171742_2_T25.4.wav,0.0
F_20200604172242_3_T24.1.wav,0.0
F_20200604172748_4_T26.4.wav,0.0
F_20200604173248_5_T23.1.wav,0.0
F_20200604173748_6_T22.2.wav,0.0
F_20200604174305_7_T25.1.wav,0.0
F_20200604174805_8_T21.9.wav,0.0
F_20200604175305_9_T20.9.wav,0.0
F_20200604175805_10_T23.1.wav,0.0
F_20200604180305_11_T20.9.wav,0.0
F_20200604180805_12_T20.2.wav,0.0
F_20200602171506_1.wav,0.0
F_20200602172720_1.wav,0.0
F_20200604165844_1.wav,0.0
F_20200604170455_2.wav,0.0
F_20200604170955_3.wav,0.0
F_20200604171523_4.wav,0.0
F_20200604172023_5.wav,0.0
F_20200604172523_6.wav,0.0
F_20200604173022_7.wav,0.0
F_20200604173522_8.wav,0.0
F_20200604174022_9.wav,0.0
F_20200604174525_10.wav,0.0
F_20200604175025_11.wav,0.0
F_20200604175525_12.wav,0.0
F_20200604180024_13.wav,0.0
F_20200604180524_14.wav,0.0
F_20200604181024_15.wav,0.0
F_20200604181525_16.wav,0.0
F_20200604182025_17.wav,0.0
F_20200604182525_18.wav,0.0
F_20200602171716_1.wav,0.0
F_20200602173701_1.wav,0.0
F_20200604170226_1.wav,0.0
F_20200604170839_2.wav,0.0
F_20200604171339_3.wav,0.0
F_20200604171851_4.wav,0.0
F_20200604172351_5.wav,0.0
F_20200604172851_6.wav,0.0
F_20200604173352_7.wav,0.0
F_20200604173852_8.wav,0.0
F_20200604174352_9.wav,0.0
F_20200604174853_10.wav,0.0
F_20200604175353_11.wav,0.0
F_20200604175853_12.wav,0.0
F_20200604180354_13.wav,0.0
F_20200604180854_14.wav,0.0
F_20200604181354_15.wav,0.0
F_20200604181854_16.wav,0.0
F_20200604182354_17.wav,0.0
F_20200604182854_18.wav,0.0
F_20200602171929_1.wav,0.0
F_20200602173137_1.wav,0.0
F_20200604170312_1.wav,0.0
F_20200604170922_2.wav,0.0
F_20200604171422_3.wav,0.0
F_20200604171950_4.wav,0.0
F_20200604172450_5.wav,0.0
F_20200604172950_6.wav,0.0
F_20200604173450_7.wav,0.0
F_20200604173950_8.wav,0.0
F_20200604174450_9.wav,0.0
F_20200604174950_10.wav,0.0
F_20200604175450_11.wav,0.0
F_20200604175950_12.wav,0.0
F_20200604180451_13.wav,0.0
F_20200604180951_14.wav,0.0
F_20200604181451_15.wav,0.0
F_20200604181951_16.wav,0.0
F_20200604182451_17.wav,0.0
F_20200604182951_18.wav,0.0
F_20200602172249_1.wav,0.0
F_20200602172654_1.wav,0.0
F_20200604170459_1.wav,0.0
F_20200604171109_2.wav,0.0
F_20200604171609_3.wav,0.0
F_20200604172135_4.wav,0.0
F_20200604172635_5.wav,0.0
F_20200604173135_6.wav,0.0
F_20200604173635_7.wav,0.0
F_20200604174135_8.wav,0.0
F_20200604174635_9.wav,0.0
F_20200604175135_10.wav,0.0
F_20200604175635_11.wav,0.0
F_20200604180135_12.wav,0.0
F_20200604180635_13.wav,0.0
F_20200604181135_14.wav,0.0
F_20200604181635_15.wav,0.0
F_20200604182134_16.wav,0.0
F_20200604182634_17.wav,0.0
F_20200604183134_18.wav,0.0
F_20200610171753_1.wav,0.0
F_20200610172406_2.wav,0.0
F_20200610172906_3.wav,0.0
F_20200610173406_4.wav,0.0
F_20200610173906_5.wav,0.0
F_20200610174406_6.wav,0.0
F_20200610174906_7.wav,0.0
F_20200610175406_8.wav,0.0
F_20200610175906_9.wav,0.0
F_20200610180406_10.wav,0.0
F_20200610180906_11.wav,0.0
F_20200610181406_12.wav,1.0
F_20200610181906_13.wav,0.0
F_20200610182406_14.wav,0.0
F_20200610182906_15.wav,0.0
F_20200610183406_16.wav,0.0
F_20200610183906_17.wav,0.0
F_20200610184406_18.wav,0.0
F_20200610184906_19.wav,0.0
F_20200610185406_20.wav,0.0
F_20200610185906_21.wav,0.0
F_20200610190406_22.wav,0.0
F_20200610190906_23.wav,0.0
F_20200610191406_24.wav,0.0
F_20200610191906_25.wav,0.0
F_20200610192406_26.wav,0.0
F_20200610192906_27.wav,0.0
F_20200610193406_28.wav,0.0
F_20200610193906_29.wav,0.0
F_20200610194406_30.wav,0.0
F_20200610194906_31.wav,0.0
F_20200610195406_32.wav,0.0
F_20200610195906_33.wav,0.0
F_20200610200406_34.wav,0.0
F_20200610200906_35.wav,0.0
F_20200610201406_36.wav,0.0
F_20200610201906_37.wav,0.0
F_20200610202406_38.wav,0.0
F_20200610202906_39.wav,0.0
F_20200610203406_40.wav,0.0
F_20200610203906_41.wav,0.0
F_20200610204406_42.wav,0.0
F_20200610204906_43.wav,0.0
F_20200610205406_44.wav,0.0
F_20200610205906_45.wav,0.0
F_20200610210406_46.wav,0.0
F_20200610210906_47.wav,1.0
F_20200610211406_48.wav,0.0
F_20200610212417_49.wav,1.0
F_20200610212917_50.wav,1.0
F_20200610213417_51.wav,1.0
F_20200610213917_52.wav,0.0
F_20200610214417_53.wav,0.0
F_20200610214917_54.wav,1.0
F_20200610215417_55.wav,1.0
F_20200610215917_56.wav,0.0
F_20200610220417_57.wav,1.0
F_20200610220917_58.wav,1.0
F_20200610221417_59.wav,1.0
F_20200610221917_60.wav,1.0
F_20200610222417_61.wav,1.0
F_20200610222917_62.wav,1.0
F_20200610223417_63.wav,1.0
F_20200610223917_64.wav,0.0
F_20200610224417_65.wav,1.0
F_20200610224917_66.wav,0.0
F_20200610225417_67.wav,1.0
F_20200610225917_68.wav,0.0
F_20200610230417_69.wav,1.0
F_20200610230917_70.wav,1.0
F_20200610231417_71.wav,1.0
F_20200610231917_72.wav,1.0
F_20200610232417_73.wav,0.0
F_20200610232917_74.wav,1.0
F_20200610233417_75.wav,1.0
F_20200610233917_76.wav,1.0
F_20200610234417_77.wav,1.0
F_20200610234917_78.wav,1.0
F_20200610235417_79.wav,1.0
F_20200610235917_80.wav,1.0
F_20200611000417_81.wav,1.0
F_20200611000917_82.wav,1.0
F_20200611001417_83.wav,1.0
F_20200611001917_84.wav,1.0
F_20200611002417_85.wav,1.0
F_20200611002917_86.wav,0.0
F_20200611003417_87.wav,1.0
F_20200611003917_88.wav,0.0
F_20200611004417_89.wav,1.0
F_20200611004917_90.wav,1.0
F_20200611005417_91.wav,1.0
F_20200611005917_92.wav,1.0
F_20200611010417_93.wav,1.0
F_20200611010917_94.wav,1.0
F_20200611011417_95.wav,1.0
F_20200611012400_96.wav,1.0
F_20200611012900_97.wav,0.0
F_20200611013400_98.wav,1.0
F_20200611013900_99.wav,1.0
F_20200611014400_100.wav,1.0
F_20200611014900_1.wav,1.0
F_20200611015400_2.wav,1.0
F_20200611015900_3.wav,1.0
F_20200611020400_4.wav,1.0
F_20200611020900_5.wav,1.0
F_20200611021400_6.wav,1.0
F_20200611021900_7.wav,1.0
F_20200611022400_8.wav,1.0
F_20200611022900_9.wav,1.0
F_20200611023400_10.wav,1.0
F_20200611023900_11.wav,1.0
F_20200611024400_12.wav,1.0
F_20200611024900_13.wav,1.0
F_20200611025400_14.wav,1.0
F_20200611025900_15.wav,1.0
F_20200611030400_16.wav,1.0
F_20200611030900_17.wav,1.0
F_20200611031400_18.wav,1.0
F_20200611031900_19.wav,1.0
F_20200611032400_20.wav,1.0
F_20200611032900_21.wav,1.0
F_20200611033400_22.wav,1.0
F_20200611033900_23.wav,1.0
F_20200611034400_24.wav,1.0
F_20200611034900_25.wav,1.0
F_20200611035400_26.wav,1.0
F_20200611035900_27.wav,1.0
F_20200611040400_28.wav,1.0
F_20200611040900_29.wav,1.0
F_20200611041400_30.wav,1.0
F_20200611041900_31.wav,1.0
F_20200611042400_32.wav,1.0
F_20200611042900_33.wav,1.0
F_20200611043400_34.wav,1.0
F_20200611043900_35.wav,1.0
F_20200611044400_36.wav,1.0
F_20200611044900_37.wav,1.0
F_20200611045400_38.wav,1.0
F_20200611045900_39.wav,1.0
F_20200611050400_40.wav,1.0
F_20200611050900_41.wav,1.0
F_20200611051400_42.wav,1.0
F_20200611052338_43.wav,1.0
F_20200611052838_44.wav,1.0
F_20200611053338_45.wav,1.0
F_20200611053838_46.wav,1.0
F_20200611054338_47.wav,1.0
F_20200611054838_48.wav,1.0
F_20200611055338_49.wav,1.0
F_20200611055838_50.wav,1.0
F_20200611060338_51.wav,0.0
F_20200611060838_52.wav,1.0
F_20200611061339_53.wav,1.0
F_20200611061839_54.wav,1.0
F_20200611062339_55.wav,1.0
F_20200611062839_56.wav,1.0
F_20200611063339_57.wav,1.0
F_20200611063839_58.wav,0.0
F_20200611064339_59.wav,1.0
F_20200611064839_60.wav,1.0
F_20200611065339_61.wav,1.0
F_20200611065839_62.wav,1.0
F_20200611070339_63.wav,1.0
F_20200611070839_64.wav,1.0
F_20200611071339_65.wav,0.0
F_20200611071839_66.wav,0.0
F_20200611072339_67.wav,0.0
F_20200611072839_68.wav,0.0
F_20200611073339_69.wav,1.0
F_20200611073839_70.wav,0.0
F_20200611074339_71.wav,1.0
F_20200611074839_72.wav,1.0
F_20200611075339_73.wav,1.0
F_20200611075839_74.wav,1.0
F_20200611080339_75.wav,1.0
F_20200611080839_76.wav,1.0
F_20200611081339_77.wav,0.0
F_20200611081839_78.wav,0.0
F_20200611082339_79.wav,0.0
F_20200611082839_80.wav,1.0
F_20200611083339_81.wav,0.0
F_20200611083839_82.wav,0.0
F_20200611084339_83.wav,1.0
F_20200611084839_84.wav,0.0
F_20200611085339_85.wav,1.0
F_20200611085839_86.wav,0.0
F_20200611090339_87.wav,1.0
F_20200611090839_88.wav,1.0
F_20200611091339_89.wav,1.0
F_20200611092241_90.wav,0.0
F_20200611092741_91.wav,0.0
F_20200611093241_92.wav,0.0
F_20200611093741_93.wav,0.0
F_20200611094241_94.wav,0.0
F_20200611094741_95.wav,0.0
F_20200611095241_96.wav,0.0
F_20200611095741_97.wav,0.0
F_20200611100241_98.wav,0.0
F_20200611100741_99.wav,0.0
F_20200611101241_100.wav,0.0
F_20200611101741_1.wav,0.0
F_20200611102241_2.wav,0.0
F_20200611102741_3.wav,1.0
F_20200611103241_4.wav,0.0
F_20200611103741_5.wav,0.0
F_20200611104241_6.wav,0.0
F_20200611104741_7.wav,1.0
F_20200611105241_8.wav,0.0
F_20200611105741_9.wav,0.0
F_20200611110241_10.wav,0.0
F_20200611110741_11.wav,0.0
F_20200611111241_12.wav,0.0
F_20200611111741_13.wav,0.0
F_20200611112241_14.wav,0.0
F_20200611112741_15.wav,0.0
F_20200611113241_16.wav,0.0
F_20200611113741_17.wav,0.0
F_20200611114241_18.wav,0.0
F_20200611114741_19.wav,0.0
F_20200611115241_20.wav,0.0
F_20200611115741_21.wav,0.0
F_20200611120241_22.wav,0.0
F_20200611120741_23.wav,0.0
F_20200611121241_24.wav,0.0
F_20200611121741_25.wav,0.0
F_20200611122241_26.wav,0.0
F_20200611122741_27.wav,0.0
F_20200611123241_28.wav,0.0
F_20200611123741_29.wav,0.0
F_20200611124241_30.wav,0.0
F_20200611124741_31.wav,0.0
F_20200611125241_32.wav,0.0
F_20200611125741_33.wav,0.0
F_20200611130241_34.wav,0.0
F_20200611130741_35.wav,0.0
F_20200611131241_36.wav,0.0
F_20200611132246_37.wav,0.0
F_20200611132746_38.wav,0.0
F_20200611133246_39.wav,0.0
F_20200611133746_40.wav,0.0
F_20200611134246_41.wav,0.0
F_20200611134746_42.wav,0.0
F_20200611135246_43.wav,0.0
F_20200611135746_44.wav,0.0
F_20200611140246_45.wav,0.0
F_20200611140746_46.wav,0.0
F_20200611141246_47.wav,1.0
F_20200611141746_48.wav,0.0
F_20200611142246_49.wav,0.0
F_20200611142746_50.wav,0.0
F_20200611143246_51.wav,0.0
F_20200611143746_52.wav,0.0
F_20200611144246_53.wav,0.0
F_20200611144746_54.wav,0.0
F_20200611145246_55.wav,0.0
F_20200611145746_56.wav,0.0
F_20200611150246_57.wav,0.0
F_20200611150746_58.wav,0.0
F_20200611151246_59.wav,0.0
F_20200611151746_60.wav,0.0
F_20200611152246_61.wav,0.0
F_20200611152746_62.wav,0.0
F_20200611153246_63.wav,0.0
F_20200611153746_64.wav,0.0
F_20200611154246_65.wav,0.0
F_20200611154746_66.wav,0.0
F_20200611155246_67.wav,0.0
F_20200611155746_68.wav,1.0
F_20200611160246_69.wav,0.0
F_20200611160747_70.wav,0.0
F_20200611161246_71.wav,0.0
F_20200611161746_72.wav,0.0
F_20200611162246_73.wav,0.0
F_20200611162746_74.wav,0.0
F_20200611163246_75.wav,0.0
F_20200611163746_76.wav,1.0
F_20200611164247_77.wav,0.0
F_20200611164747_78.wav,0.0
F_20200611165247_79.wav,0.0
F_20200611165746_80.wav,0.0
F_20200611170246_81.wav,0.0
F_20200611170746_82.wav,0.0
F_20200611171247_83.wav,0.0
F_20200611172352_84.wav,0.0
F_20200611172852_85.wav,0.0
F_20200611173352_86.wav,0.0
F_20200611173852_87.wav,0.0
F_20200611174352_88.wav,0.0
F_20200611174852_89.wav,0.0
F_20200611175352_90.wav,0.0
F_20200611175852_91.wav,0.0
F_20200611180352_92.wav,0.0
F_20200611180852_93.wav,1.0
F_20200611181352_94.wav,0.0
F_20200611181852_95.wav,1.0
F_20200611182352_96.wav,0.0
F_20200611182852_97.wav,0.0
F_20200611183352_98.wav,0.0
F_20200611183852_99.wav,0.0
F_20200611184352_100.wav,0.0
F_20200611184852_1.wav,0.0
F_20200611185352_2.wav,0.0
F_20200611185852_3.wav,0.0
F_20200611190352_4.wav,0.0
F_20200611190852_5.wav,0.0
F_20200611191352_6.wav,0.0
F_20200611191852_7.wav,0.0
F_20200611192352_8.wav,0.0
F_20200611192852_9.wav,0.0
F_20200611193352_10.wav,0.0
F_20200611193852_11.wav,0.0
F_20200611194352_12.wav,0.0
F_20200611194852_13.wav,1.0
F_20200611195352_14.wav,0.0
F_20200611195852_15.wav,1.0
F_20200611200352_16.wav,0.0
F_20200611200852_17.wav,0.0
F_20200611201352_18.wav,0.0
F_20200611201852_19.wav,0.0
F_20200611202352_20.wav,0.0
F_20200611202852_21.wav,0.0
F_20200611203352_22.wav,0.0
F_20200611203852_23.wav,0.0
F_20200611204352_24.wav,0.0
F_20200611204852_25.wav,0.0
F_20200611205352_26.wav,0.0
F_20200611205852_27.wav,0.0
F_20200611210352_28.wav,0.0
F_20200611210852_29.wav,0.0
F_20200611211352_30.wav,0.0
F_20200611212219_31.wav,0.0
F_20200611212719_32.wav,0.0
F_20200611213219_33.wav,0.0
F_20200611213719_34.wav,0.0
F_20200611214219_35.wav,0.0
F_20200611214719_36.wav,0.0
F_20200611215219_37.wav,0.0
F_20200611215719_38.wav,0.0
F_20200611220219_39.wav,0.0
F_20200611220719_40.wav,0.0
F_20200611221219_41.wav,0.0
F_20200611221719_42.wav,0.0
F_20200611222219_43.wav,1.0
F_20200611222719_44.wav,0.0
F_20200611223220_45.wav,0.0
F_20200611223720_46.wav,0.0
F_20200611224220_47.wav,0.0
F_20200611224720_48.wav,0.0
F_20200611225220_49.wav,0.0
F_20200611225720_50.wav,1.0
F_20200611230220_51.wav,1.0
F_20200611230720_52.wav,0.0
F_20200611231220_53.wav,1.0
F_20200611231720_54.wav,0.0
F_20200611232220_55.wav,1.0
F_20200611232720_56.wav,0.0
F_20200611233220_57.wav,1.0
F_20200611233720_58.wav,1.0
F_20200611234220_59.wav,0.0
F_20200611234720_60.wav,0.0
F_20200611235220_61.wav,1.0
F_20200611235720_62.wav,1.0
F_20200612000220_63.wav,1.0
F_20200612000720_64.wav,1.0
F_20200612001220_65.wav,1.0
F_20200612001720_66.wav,1.0
F_20200612002220_67.wav,1.0
F_20200612002720_68.wav,1.0
F_20200612003220_69.wav,1.0
F_20200612003720_70.wav,1.0
F_20200612004220_71.wav,1.0
F_20200612004720_72.wav,1.0
F_20200612005220_73.wav,1.0
F_20200612005720_74.wav,1.0
F_20200612010220_75.wav,1.0
F_20200612010720_76.wav,1.0
F_20200612011220_77.wav,1.0
F_20200612012241_78.wav,1.0
F_20200612012741_79.wav,1.0
F_20200612013241_80.wav,1.0
F_20200612013741_81.wav,1.0
F_20200612014241_82.wav,1.0
F_20200612014741_83.wav,1.0
F_20200612015241_84.wav,1.0
F_20200612015741_85.wav,1.0
F_20200612020241_86.wav,1.0
F_20200612020741_87.wav,1.0
F_20200612021241_88.wav,1.0
F_20200612021741_89.wav,1.0
F_20200612022241_90.wav,1.0
F_20200612022741_91.wav,1.0
F_20200612023241_92.wav,1.0
F_20200612023741_93.wav,1.0
F_20200612024241_94.wav,1.0
F_20200612024741_95.wav,1.0
F_20200612025241_96.wav,1.0
F_20200612025741_97.wav,1.0
F_20200612030241_98.wav,1.0
F_20200612030741_99.wav,1.0
F_20200612031241_100.wav,1.0
F_20200612031741_1.wav,1.0
F_20200612032241_2.wav,1.0
F_20200612032741_3.wav,1.0
F_20200612033241_4.wav,1.0
F_20200612033741_5.wav,1.0
F_20200612034241_6.wav,0.0
F_20200612034741_7.wav,1.0
F_20200612035241_8.wav,1.0
F_20200612035741_9.wav,1.0
F_20200612040241_10.wav,1.0
F_20200612040741_11.wav,1.0
F_20200612041241_12.wav,1.0
F_20200612041741_13.wav,1.0
F_20200612042241_14.wav,1.0
F_20200612042741_15.wav,1.0
F_20200612043241_16.wav,0.0
F_20200612043741_17.wav,1.0
F_20200612044241_18.wav,1.0
F_20200612044741_19.wav,1.0
F_20200612045241_20.wav,1.0
F_20200612045741_21.wav,1.0
F_20200612050241_22.wav,1.0
F_20200612050741_23.wav,1.0
F_20200612051241_24.wav,1.0
F_20200612052151_25.wav,1.0
F_20200612052651_26.wav,1.0
F_20200612053151_27.wav,1.0
F_20200612053651_28.wav,1.0
F_20200612054151_29.wav,1.0
F_20200612054651_30.wav,0.0
F_20200612055151_31.wav,0.0
F_20200612055651_32.wav,1.0
F_20200612060151_33.wav,1.0
F_20200612060651_34.wav,1.0
F_20200612061151_35.wav,1.0
F_20200612061651_36.wav,1.0
F_20200612062151_37.wav,0.0
F_20200612062651_38.wav,1.0
F_20200612063151_39.wav,1.0
F_20200612063651_40.wav,1.0
F_20200612064151_41.wav,1.0
F_20200612064651_42.wav,1.0
F_20200612065151_43.wav,1.0
F_20200612065651_44.wav,1.0
F_20200612070151_45.wav,0.0
F_20200612070651_46.wav,0.0
F_20200612071151_47.wav,0.0
F_20200612071651_48.wav,0.0
F_20200612072151_49.wav,1.0
F_20200612072651_50.wav,1.0
F_20200612073151_51.wav,1.0
F_20200612073651_52.wav,0.0
F_20200612074151_53.wav,0.0
F_20200612074651_54.wav,0.0
F_20200612075151_55.wav,0.0
F_20200612075651_56.wav,0.0
F_20200612080151_57.wav,0.0
F_20200612080651_58.wav,0.0
F_20200612081151_59.wav,0.0
F_20200612081651_60.wav,0.0
F_20200612082151_61.wav,0.0
F_20200612082651_62.wav,0.0
F_20200612083151_63.wav,0.0
F_20200612083651_64.wav,1.0
F_20200612084151_65.wav,1.0
F_20200612084651_66.wav,1.0
F_20200612085151_67.wav,0.0
F_20200612085651_68.wav,1.0
F_20200612090151_69.wav,0.0
F_20200612090651_70.wav,0.0
F_20200612091151_71.wav,0.0
F_20200612092158_72.wav,0.0
F_20200612092658_73.wav,1.0
F_20200612093158_74.wav,1.0
F_20200612093658_75.wav,1.0
F_20200612094158_76.wav,1.0
F_20200612094658_77.wav,1.0
F_20200612095158_78.wav,1.0
F_20200612095658_79.wav,0.0
F_20200612100158_80.wav,1.0
F_20200612100658_81.wav,0.0
F_20200612101158_82.wav,1.0
F_20200612101658_83.wav,0.0
F_20200612102158_84.wav,0.0
F_20200612102658_85.wav,0.0
F_20200612103158_86.wav,0.0
F_20200612103658_87.wav,0.0
F_20200612104158_88.wav,0.0
F_20200612104658_89.wav,0.0
F_20200612105158_90.wav,0.0
F_20200612105658_91.wav,0.0
F_20200612110158_92.wav,0.0
F_20200612110658_93.wav,0.0
F_20200612111158_94.wav,0.0
F_20200612111658_95.wav,0.0
F_20200612112158_96.wav,0.0
F_20200612112658_97.wav,0.0
F_20200612113158_98.wav,0.0
F_20200612113658_99.wav,1.0
F_20200612114158_100.wav,0.0
F_20200612114658_1.wav,0.0
F_20200612115158_2.wav,0.0
F_20200612115658_3.wav,0.0
F_20200612120158_4.wav,0.0
F_20200612120658_5.wav,0.0
F_20200612121158_6.wav,0.0
F_20200612121658_7.wav,0.0
F_20200612122158_8.wav,0.0
F_20200612122658_9.wav,0.0
F_20200612123158_10.wav,0.0
F_20200612123658_11.wav,0.0
F_20200612124158_12.wav,0.0
F_20200612124658_13.wav,0.0
F_20200612125158_14.wav,0.0
F_20200612125658_15.wav,0.0
F_20200612130158_16.wav,0.0
F_20200612130658_17.wav,0.0
F_20200612131158_18.wav,0.0
F_20200612132337_19.wav,0.0
F_20200612132837_20.wav,0.0
F_20200612133337_21.wav,0.0
F_20200612133837_22.wav,0.0
F_20200612134337_23.wav,1.0
F_20200612134837_24.wav,0.0
F_20200612135337_25.wav,0.0
F_20200612135837_26.wav,0.0
F_20200612140337_27.wav,0.0
F_20200612140837_28.wav,0.0
F_20200612141337_29.wav,0.0
F_20200612141837_30.wav,0.0
F_20200612142337_31.wav,0.0
F_20200612142837_32.wav,1.0
F_20200612143337_33.wav,0.0
F_20200612143837_34.wav,0.0
F_20200612144337_35.wav,0.0
F_20200612144837_36.wav,0.0
F_20200612145337_37.wav,1.0
F_20200612145837_38.wav,0.0
F_20200612150337_39.wav,0.0
F_20200612150837_40.wav,0.0
F_20200612151337_41.wav,0.0
F_20200612151837_42.wav,0.0
F_20200612152337_43.wav,0.0
F_20200612152837_44.wav,0.0
F_20200612153337_45.wav,0.0
F_20200612153837_46.wav,0.0
F_20200612154337_47.wav,0.0
F_20200612154837_48.wav,0.0
F_20200612155337_49.wav,0.0
F_20200612155837_50.wav,1.0
F_20200612160337_51.wav,0.0
F_20200612160837_52.wav,0.0
F_20200612161338_53.wav,0.0
F_20200612161838_54.wav,0.0
F_20200612162338_55.wav,0.0
F_20200612162838_56.wav,0.0
F_20200612163338_57.wav,0.0
F_20200612163838_58.wav,0.0
F_20200612164338_59.wav,0.0
F_20200612164838_60.wav,0.0
F_20200612165338_61.wav,0.0
F_20200612165837_62.wav,0.0
F_20200612170337_63.wav,1.0
F_20200612170837_64.wav,0.0
F_20200612171337_65.wav,1.0
F_20200612172147_66.wav,0.0
F_20200612172647_67.wav,1.0
F_20200612173147_68.wav,1.0
F_20200612173647_69.wav,0.0
F_20200612174147_70.wav,0.0
F_20200612174647_71.wav,0.0
F_20200612175147_72.wav,0.0
F_20200612175647_73.wav,0.0
F_20200612180147_74.wav,0.0
F_20200612180647_75.wav,0.0
F_20200612181147_76.wav,0.0
F_20200612181647_77.wav,1.0
F_20200612182147_78.wav,1.0
F_20200612182647_79.wav,0.0
F_20200612183148_80.wav,0.0
F_20200612183648_81.wav,0.0
F_20200612184148_82.wav,0.0
F_20200612184648_83.wav,1.0
F_20200612185148_84.wav,0.0
F_20200612185648_85.wav,0.0
F_20200612190148_86.wav,0.0
F_20200612190648_87.wav,0.0
F_20200612191148_88.wav,0.0
F_20200612191648_89.wav,0.0
F_20200612192148_90.wav,0.0
F_20200612192648_91.wav,1.0
F_20200612193148_92.wav,0.0
F_20200612193648_93.wav,0.0
F_20200612194148_94.wav,0.0
F_20200612194648_95.wav,0.0
F_20200612195148_96.wav,0.0
F_20200612195648_97.wav,0.0
F_20200612200148_98.wav,0.0
F_20200612200648_99.wav,0.0
F_20200612201148_100.wav,0.0
F_20200612201648_1.wav,0.0
F_20200612202148_2.wav,0.0
F_20200612202648_3.wav,0.0
F_20200612203148_4.wav,0.0
F_20200612203648_5.wav,0.0
F_20200612204148_6.wav,0.0
F_20200612204648_7.wav,0.0
F_20200612205148_8.wav,1.0
F_20200612205648_9.wav,1.0
F_20200612210148_10.wav,0.0
F_20200612210648_11.wav,1.0
F_20200612211148_12.wav,0.0
F_20200612212313_13.wav,0.0
F_20200612212813_14.wav,0.0
F_20200612213313_15.wav,0.0
F_20200612213813_16.wav,1.0
F_20200612214313_17.wav,0.0
F_20200612214813_18.wav,0.0
F_20200612215313_19.wav,0.0
F_20200612215813_20.wav,0.0
F_20200612220313_21.wav,0.0
F_20200612220813_22.wav,1.0
F_20200612221313_23.wav,1.0
F_20200612221813_24.wav,0.0
F_20200612222313_25.wav,1.0
F_20200612222813_26.wav,1.0
F_20200612223313_27.wav,0.0
F_20200612223813_28.wav,0.0
F_20200612224313_29.wav,0.0
F_20200612224813_30.wav,0.0
F_20200612225313_31.wav,1.0
F_20200612225813_32.wav,0.0
F_20200612230313_33.wav,1.0
F_20200612230813_34.wav,1.0
F_20200612231313_35.wav,1.0
F_20200612231813_36.wav,1.0
F_20200612232313_37.wav,1.0
F_20200612232813_38.wav,1.0
F_20200612233313_39.wav,0.0
F_20200612233813_40.wav,0.0
F_20200612234313_41.wav,1.0
F_20200612234813_42.wav,1.0
F_20200612235313_43.wav,1.0
F_20200612235813_44.wav,1.0
F_20200613000313_45.wav,1.0
F_20200613000813_46.wav,1.0
F_20200613001313_47.wav,1.0
F_20200613001813_48.wav,1.0
F_20200613002313_49.wav,1.0
F_20200613002813_50.wav,1.0
F_20200613003313_51.wav,1.0
F_20200613003813_52.wav,1.0
F_20200613004313_53.wav,1.0
F_20200613004813_54.wav,1.0
F_20200613005313_55.wav,1.0
F_20200613005813_56.wav,1.0
F_20200613010313_57.wav,1.0
F_20200613010813_58.wav,1.0
F_20200613011313_59.wav,1.0
F_20200613012132_60.wav,1.0
F_20200613012632_61.wav,1.0
F_20200613013132_62.wav,0.0
F_20200613013632_63.wav,1.0
F_20200613014132_64.wav,1.0
F_20200613014632_65.wav,1.0
F_20200613015132_66.wav,1.0
F_20200613015632_67.wav,1.0
F_20200613020132_68.wav,1.0
F_20200613020632_69.wav,1.0
F_20200613021132_70.wav,1.0
F_20200613021632_71.wav,1.0
F_20200613022132_72.wav,1.0
F_20200613022632_73.wav,1.0
F_20200613023132_74.wav,1.0
F_20200613023632_75.wav,1.0
F_20200613024132_76.wav,1.0
F_20200613024632_77.wav,1.0
F_20200613025132_78.wav,1.0
F_20200613025632_79.wav,1.0
F_20200613030132_80.wav,1.0
F_20200613030632_81.wav,1.0
F_20200613031132_82.wav,1.0
F_20200613031632_83.wav,1.0
F_20200613032132_84.wav,1.0
F_20200613032632_85.wav,1.0
F_20200613033132_86.wav,1.0
F_20200613033632_87.wav,1.0
F_20200613034132_88.wav,1.0
F_20200613034632_89.wav,1.0
F_20200613035132_90.wav,1.0
F_20200613035632_91.wav,1.0
F_20200613040132_92.wav,1.0
F_20200613040632_93.wav,1.0
F_20200613041132_94.wav,1.0
F_20200613041632_95.wav,1.0
F_20200613042132_96.wav,1.0
F_20200613042632_97.wav,1.0
F_20200613043132_98.wav,1.0
F_20200613043632_99.wav,1.0
F_20200613044132_100.wav,1.0
F_20200613044632_1.wav,1.0
F_20200613045132_2.wav,1.0
F_20200613045632_3.wav,1.0
F_20200613050132_4.wav,1.0
F_20200613050632_5.wav,1.0
F_20200613051132_6.wav,1.0
F_20200613052307_7.wav,1.0
F_20200613052807_8.wav,1.0
F_20200613053307_9.wav,1.0
F_20200613053807_10.wav,1.0
F_20200613054307_11.wav,1.0
F_20200613054807_12.wav,1.0
F_20200613055307_13.wav,1.0
F_20200613055807_14.wav,1.0
F_20200613060307_15.wav,1.0
F_20200613060807_16.wav,1.0
F_20200613061307_17.wav,1.0
F_20200613061807_18.wav,1.0
F_20200613062307_19.wav,1.0
F_20200613062807_20.wav,1.0
F_20200613063307_21.wav,1.0
F_20200613063807_22.wav,1.0
F_20200613064307_23.wav,0.0
F_20200613064807_24.wav,1.0
F_20200613065307_25.wav,1.0
F_20200613065807_26.wav,1.0
F_20200613070307_27.wav,1.0
F_20200613070807_28.wav,0.0
F_20200613071307_29.wav,1.0
F_20200613071807_30.wav,1.0
F_20200613072307_31.wav,1.0
F_20200613072807_32.wav,1.0
F_20200613073307_33.wav,0.0
F_20200613073807_34.wav,1.0
F_20200613074307_35.wav,1.0
F_20200613074807_36.wav,1.0
F_20200613075307_37.wav,0.0
F_20200613075807_38.wav,0.0
F_20200613080307_39.wav,1.0
F_20200613080807_40.wav,1.0
F_20200613081307_41.wav,1.0
F_20200613081807_42.wav,0.0
F_20200613082307_43.wav,1.0
F_20200613082807_44.wav,1.0
F_20200613083307_45.wav,1.0
F_20200613083807_46.wav,1.0
F_20200613084307_47.wav,0.0
F_20200613084807_48.wav,0.0
F_20200613085307_49.wav,1.0
F_20200613085807_50.wav,1.0
F_20200613090307_51.wav,0.0
F_20200613090807_52.wav,1.0
F_20200613091307_53.wav,0.0
F_20200610171324_1.wav,0.0
F_20200610171934_2.wav,0.0
F_20200610172434_3.wav,0.0
F_20200610172934_4.wav,0.0
F_20200610173434_5.wav,0.0
F_20200610173934_6.wav,0.0
F_20200610174434_7.wav,1.0
F_20200610174934_8.wav,1.0
F_20200610175434_9.wav,0.0
F_20200610175934_10.wav,0.0
F_20200610180434_11.wav,0.0
F_20200610180934_12.wav,0.0
F_20200610181434_13.wav,1.0
F_20200610181934_14.wav,1.0
F_20200610182434_15.wav,0.0
F_20200610182934_16.wav,0.0
F_20200610183434_17.wav,0.0
F_20200610183934_18.wav,1.0
F_20200610184434_19.wav,0.0
F_20200610184934_20.wav,0.0
F_20200610185434_21.wav,0.0
F_20200610185934_22.wav,0.0
F_20200610190434_23.wav,1.0
F_20200610190934_24.wav,1.0
F_20200610191434_25.wav,0.0
F_20200610191934_26.wav,0.0
F_20200610192434_27.wav,0.0
F_20200610192934_28.wav,0.0
F_20200610193434_29.wav,0.0
F_20200610193934_30.wav,0.0
F_20200610194434_31.wav,0.0
F_20200610194934_32.wav,0.0
F_20200610195434_33.wav,0.0
F_20200610195934_34.wav,0.0
F_20200610200434_35.wav,0.0
F_20200610200934_36.wav,0.0
F_20200610201434_37.wav,1.0
F_20200610201934_38.wav,0.0
F_20200610202434_39.wav,0.0
F_20200610202934_40.wav,0.0
F_20200610203434_41.wav,0.0
F_20200610203934_42.wav,0.0
F_20200610204434_43.wav,0.0
F_20200610204935_44.wav,1.0
F_20200610205435_45.wav,0.0
F_20200610205935_46.wav,0.0
F_20200610210435_47.wav,0.0
F_20200610210935_48.wav,1.0
F_20200610211935_49.wav,0.0
F_20200610212435_50.wav,0.0
F_20200610212935_51.wav,1.0
F_20200610213435_52.wav,1.0
F_20200610213935_53.wav,1.0
F_20200610214435_54.wav,1.0
F_20200610214935_55.wav,1.0
F_20200610215435_56.wav,0.0
F_20200610215935_57.wav,1.0
F_20200610220435_58.wav,0.0
F_20200610220935_59.wav,1.0
F_20200610221435_60.wav,1.0
F_20200610221935_61.wav,1.0
F_20200610222435_62.wav,0.0
F_20200610222935_63.wav,1.0
F_20200610223435_64.wav,1.0
F_20200610223935_65.wav,1.0
F_20200610224435_66.wav,1.0
F_20200610224935_67.wav,1.0
F_20200610225435_68.wav,1.0
F_20200610225935_69.wav,1.0
F_20200610230435_70.wav,0.0
F_20200610230935_71.wav,1.0
F_20200610231435_72.wav,1.0
F_20200610231935_73.wav,0.0
F_20200610232435_74.wav,1.0
F_20200610232935_75.wav,1.0
F_20200610233435_76.wav,1.0
F_20200610233935_77.wav,0.0
F_20200610234435_78.wav,0.0
F_20200610234935_79.wav,1.0
F_20200610235435_80.wav,0.0
F_20200610235935_81.wav,1.0
F_20200611000435_82.wav,1.0
F_20200611000935_83.wav,1.0
F_20200611001435_84.wav,0.0
F_20200611001935_85.wav,0.0
F_20200611002435_86.wav,0.0
F_20200611002935_87.wav,0.0
F_20200611003435_88.wav,1.0
F_20200611003935_89.wav,1.0
F_20200611004435_90.wav,1.0
F_20200611004935_91.wav,1.0
F_20200611005435_92.wav,1.0
F_20200611005935_93.wav,0.0
F_20200611010435_94.wav,0.0
F_20200611010935_95.wav,1.0
F_20200611011859_96.wav,1.0
F_20200611012359_97.wav,0.0
F_20200611012859_98.wav,1.0
F_20200611013359_99.wav,1.0
F_20200611013859_100.wav,1.0
F_20200611014359_1.wav,1.0
F_20200611014859_2.wav,1.0
F_20200611015359_3.wav,1.0
F_20200611015859_4.wav,1.0
F_20200611020359_5.wav,1.0
F_20200611020859_6.wav,1.0
F_20200611021359_7.wav,1.0
F_20200611021859_8.wav,1.0
F_20200611022359_9.wav,1.0
F_20200611022859_10.wav,1.0
F_20200611023359_11.wav,1.0
F_20200611023859_12.wav,1.0
F_20200611024359_13.wav,1.0
F_20200611024859_14.wav,1.0
F_20200611025359_15.wav,1.0
F_20200611025859_16.wav,1.0
F_20200611030359_17.wav,1.0
F_20200611030859_18.wav,1.0
F_20200611031359_19.wav,1.0
F_20200611031859_20.wav,1.0
F_20200611032359_21.wav,1.0
F_20200611032859_22.wav,1.0
F_20200611033359_23.wav,1.0
F_20200611033859_24.wav,1.0
F_20200611034359_25.wav,1.0
F_20200611034859_26.wav,1.0
F_20200611035359_27.wav,1.0
F_20200611035859_28.wav,1.0
F_20200611040359_29.wav,1.0
F_20200611040859_30.wav,1.0
F_20200611041359_31.wav,1.0
F_20200611041859_32.wav,1.0
F_20200611042359_33.wav,1.0
F_20200611042859_34.wav,1.0
F_20200611043359_35.wav,1.0
F_20200611043859_36.wav,1.0
F_20200611044359_37.wav,1.0
F_20200611044859_38.wav,1.0
F_20200611045359_39.wav,1.0
F_20200611045859_40.wav,0.0
F_20200611050359_41.wav,1.0
F_20200611050859_42.wav,1.0
F_20200611051757_43.wav,1.0
F_20200611052257_44.wav,1.0
F_20200611052757_45.wav,1.0
F_20200611053257_46.wav,1.0
F_20200611053757_47.wav,1.0
F_20200611054257_48.wav,1.0
F_20200611054757_49.wav,1.0
F_20200611055257_50.wav,1.0
F_20200611055757_51.wav,1.0
F_20200611060257_52.wav,1.0
F_20200611060757_53.wav,1.0
F_20200611061257_54.wav,1.0
F_20200611061757_55.wav,1.0
F_20200611062257_56.wav,1.0
F_20200611062757_57.wav,1.0
F_20200611063257_58.wav,1.0
F_20200611063757_59.wav,1.0
F_20200611064257_60.wav,1.0
F_20200611064757_61.wav,1.0
F_20200611065257_62.wav,1.0
F_20200611065757_63.wav,1.0
F_20200611070257_64.wav,1.0
F_20200611070757_65.wav,1.0
F_20200611071257_66.wav,1.0
F_20200611071757_67.wav,1.0
F_20200611072257_68.wav,1.0
F_20200611072757_69.wav,1.0
F_20200611073257_70.wav,1.0
F_20200611073757_71.wav,0.0
F_20200611074257_72.wav,0.0
F_20200611074757_73.wav,0.0
F_20200611075258_74.wav,1.0
F_20200611075758_75.wav,0.0
F_20200611080258_76.wav,1.0
F_20200611080757_77.wav,1.0
F_20200611081258_78.wav,0.0
F_20200611081758_79.wav,0.0
F_20200611082258_80.wav,1.0
F_20200611082758_81.wav,1.0
F_20200611083258_82.wav,1.0
F_20200611083758_83.wav,1.0
F_20200611084258_84.wav,1.0
F_20200611084758_85.wav,1.0
F_20200611085258_86.wav,1.0
F_20200611085758_87.wav,1.0
F_20200611090258_88.wav,1.0
F_20200611090758_89.wav,1.0
F_20200611091852_90.wav,1.0
F_20200611092352_91.wav,0.0
F_20200611092852_92.wav,1.0
F_20200611093352_93.wav,0.0
F_20200611093852_94.wav,0.0
F_20200611094352_95.wav,1.0
F_20200611094852_96.wav,0.0
F_20200611095352_97.wav,0.0
F_20200611095852_98.wav,1.0
F_20200611100352_99.wav,1.0
F_20200611100852_100.wav,0.0
F_20200611101352_1.wav,1.0
F_20200611101852_2.wav,1.0
F_20200611102352_3.wav,1.0
F_20200611102852_4.wav,1.0
F_20200611103352_5.wav,0.0
F_20200611103852_6.wav,1.0
F_20200611104352_7.wav,0.0
F_20200611104852_8.wav,0.0
F_20200611105352_9.wav,0.0
F_20200611105852_10.wav,0.0
F_20200611110352_11.wav,0.0
F_20200611110852_12.wav,0.0
F_20200611111352_13.wav,0.0
F_20200611111852_14.wav,0.0
F_20200611112352_15.wav,0.0
F_20200611112852_16.wav,0.0
F_20200611113352_17.wav,0.0
F_20200611113852_18.wav,0.0
F_20200611114352_19.wav,1.0
F_20200611114852_20.wav,1.0
F_20200611115352_21.wav,0.0
F_20200611115852_22.wav,0.0
F_20200611120352_23.wav,1.0
F_20200611120852_24.wav,0.0
F_20200611121352_25.wav,0.0
F_20200611121852_26.wav,0.0
F_20200611122352_27.wav,1.0
F_20200611122852_28.wav,0.0
F_20200611123352_29.wav,0.0
F_20200611123852_30.wav,1.0
F_20200611124352_31.wav,0.0
F_20200611124852_32.wav,0.0
F_20200611125352_33.wav,0.0
F_20200611125852_34.wav,0.0
F_20200611130352_35.wav,1.0
F_20200611130852_36.wav,0.0
F_20200611131831_37.wav,0.0
F_20200611132331_38.wav,0.0
F_20200611132831_39.wav,0.0
F_20200611133331_40.wav,0.0
F_20200611133831_41.wav,0.0
F_20200611134331_42.wav,1.0
F_20200611134831_43.wav,0.0
F_20200611135331_44.wav,0.0
F_20200611135831_45.wav,0.0
F_20200611140331_46.wav,0.0
F_20200611140831_47.wav,0.0
F_20200611141331_48.wav,0.0
F_20200611141831_49.wav,0.0
F_20200611142331_50.wav,0.0
F_20200611142831_51.wav,1.0
F_20200611143331_52.wav,0.0
F_20200611143831_53.wav,0.0
F_20200611144331_54.wav,0.0
F_20200611144831_55.wav,0.0
F_20200611145331_56.wav,0.0
F_20200611145831_57.wav,0.0
F_20200611150331_58.wav,0.0
F_20200611150831_59.wav,0.0
F_20200611151331_60.wav,0.0
F_20200611151831_61.wav,0.0
F_20200611152331_62.wav,0.0
F_20200611152831_63.wav,0.0
F_20200611153331_64.wav,0.0
F_20200611153831_65.wav,0.0
F_20200611154331_66.wav,0.0
F_20200611154831_67.wav,1.0
F_20200611155331_68.wav,0.0
F_20200611155831_69.wav,0.0
F_20200611160331_70.wav,0.0
F_20200611160831_71.wav,0.0
F_20200611161331_72.wav,0.0
F_20200611161831_73.wav,0.0
F_20200611162332_74.wav,1.0
F_20200611162832_75.wav,0.0
F_20200611163332_76.wav,0.0
F_20200611163832_77.wav,0.0
F_20200611164332_78.wav,1.0
F_20200611164832_79.wav,1.0
F_20200611165332_80.wav,0.0
F_20200611165832_81.wav,1.0
F_20200611170332_82.wav,1.0
F_20200611170832_83.wav,0.0
F_20200611171841_84.wav,0.0
F_20200611172341_85.wav,0.0
F_20200611172841_86.wav,1.0
F_20200611173341_87.wav,0.0
F_20200611173841_88.wav,1.0
F_20200611174341_89.wav,0.0
F_20200611174841_90.wav,0.0
F_20200611175341_91.wav,1.0
F_20200611175841_92.wav,0.0
F_20200611180341_93.wav,1.0
F_20200611180841_94.wav,0.0
F_20200611181341_95.wav,0.0
F_20200611181841_96.wav,1.0
F_20200611182341_97.wav,0.0
F_20200611182841_98.wav,0.0
F_20200611183341_99.wav,0.0
F_20200611183841_100.wav,0.0
F_20200611184341_1.wav,0.0
F_20200611184841_2.wav,1.0
F_20200611185341_3.wav,0.0
F_20200611185841_4.wav,0.0
F_20200611190341_5.wav,0.0
F_20200611190841_6.wav,0.0
F_20200611191341_7.wav,0.0
F_20200611191841_8.wav,0.0
F_20200611192341_9.wav,0.0
F_20200611192841_10.wav,0.0
F_20200611193341_11.wav,0.0
F_20200611193841_12.wav,0.0
F_20200611194341_13.wav,0.0
F_20200611194841_14.wav,0.0
F_20200611195341_15.wav,0.0
F_20200611195841_16.wav,0.0
F_20200611200341_17.wav,0.0
F_20200611200841_18.wav,0.0
F_20200611201341_19.wav,0.0
F_20200611201841_20.wav,0.0
F_20200611202341_21.wav,0.0
F_20200611202841_22.wav,0.0
F_20200611203341_23.wav,0.0
F_20200611203841_24.wav,0.0
F_20200611204341_25.wav,0.0
F_20200611204841_26.wav,0.0
F_20200611205342_27.wav,0.0
F_20200611205841_28.wav,0.0
F_20200611210341_29.wav,0.0
F_20200611210842_30.wav,0.0
F_20200611211805_31.wav,0.0
F_20200611212305_32.wav,0.0
F_20200611212805_33.wav,0.0
F_20200611213305_34.wav,0.0
F_20200611213805_35.wav,0.0
F_20200611214305_36.wav,0.0
F_20200611214805_37.wav,0.0
F_20200611215305_38.wav,0.0
F_20200611215805_39.wav,0.0
F_20200611220305_40.wav,0.0
F_20200611220805_41.wav,1.0
F_20200611221305_42.wav,0.0
F_20200611221805_43.wav,0.0
F_20200611222305_44.wav,0.0
F_20200611222805_45.wav,1.0
F_20200611223305_46.wav,1.0
F_20200611223805_47.wav,1.0
F_20200611224305_48.wav,1.0
F_20200611224805_49.wav,1.0
F_20200611225305_50.wav,1.0
F_20200611225805_51.wav,0.0
F_20200611230305_52.wav,1.0
F_20200611230805_53.wav,1.0
F_20200611231305_54.wav,1.0
F_20200611231805_55.wav,1.0
F_20200611232305_56.wav,1.0
F_20200611232805_57.wav,1.0
F_20200611233305_58.wav,1.0
F_20200611233805_59.wav,0.0
F_20200611234305_60.wav,1.0
F_20200611234805_61.wav,1.0
F_20200611235305_62.wav,0.0
F_20200611235805_63.wav,0.0
F_20200612000305_64.wav,1.0
F_20200612000805_65.wav,1.0
F_20200612001305_66.wav,1.0
F_20200612001805_67.wav,1.0
F_20200612002305_68.wav,1.0
F_20200612002805_69.wav,1.0
F_20200612003305_70.wav,1.0
F_20200612003805_71.wav,1.0
F_20200612004305_72.wav,1.0
F_20200612004805_73.wav,1.0
F_20200612005305_74.wav,1.0
F_20200612005805_75.wav,1.0
F_20200612010305_76.wav,1.0
F_20200612010805_77.wav,1.0
F_20200612011929_78.wav,1.0
F_20200612012429_79.wav,1.0
F_20200612012929_80.wav,1.0
F_20200612013429_81.wav,1.0
F_20200612013929_82.wav,1.0
F_20200612014429_83.wav,1.0
F_20200612014929_84.wav,1.0
F_20200612015429_85.wav,1.0
F_20200612015929_86.wav,1.0
F_20200612020429_87.wav,1.0
F_20200612020929_88.wav,1.0
F_20200612021429_89.wav,1.0
F_20200612021929_90.wav,1.0
F_20200612022429_91.wav,1.0
F_20200612022929_92.wav,1.0
F_20200612023429_93.wav,1.0
F_20200612023929_94.wav,1.0
F_20200612024429_95.wav,1.0
F_20200612024929_96.wav,1.0
F_20200612025429_97.wav,1.0
F_20200612025929_98.wav,1.0
F_20200612030429_99.wav,1.0
F_20200612030929_100.wav,1.0
F_20200612031429_1.wav,1.0
F_20200612031929_2.wav,1.0
F_20200612032429_3.wav,1.0
F_20200612032929_4.wav,1.0
F_20200612033429_5.wav,1.0
F_20200612033929_6.wav,1.0
F_20200612034429_7.wav,1.0
F_20200612034929_8.wav,1.0
F_20200612035429_9.wav,1.0
F_20200612035929_10.wav,1.0
F_20200612040429_11.wav,1.0
F_20200612040929_12.wav,1.0
F_20200612041430_13.wav,1.0
F_20200612041930_14.wav,1.0
F_20200612042430_15.wav,1.0
F_20200612042930_16.wav,1.0
F_20200612043430_17.wav,1.0
F_20200612043930_18.wav,1.0
F_20200612044430_19.wav,1.0
F_20200612044930_20.wav,1.0
F_20200612045430_21.wav,1.0
F_20200612045930_22.wav,1.0
F_20200612050430_23.wav,1.0
F_20200612050930_24.wav,1.0
F_20200612051919_25.wav,1.0
F_20200612052419_26.wav,1.0
F_20200612052919_27.wav,1.0
F_20200612053419_28.wav,1.0
F_20200612053919_29.wav,1.0
F_20200612054419_30.wav,1.0
F_20200612054919_31.wav,0.0
F_20200612055419_32.wav,1.0
F_20200612055919_33.wav,1.0
F_20200612060419_34.wav,1.0
F_20200612060919_35.wav,1.0
F_20200612061419_36.wav,0.0
F_20200612061919_37.wav,1.0
F_20200612062419_38.wav,1.0
F_20200612062919_39.wav,1.0
F_20200612063419_40.wav,1.0
F_20200612063919_41.wav,1.0
F_20200612064419_42.wav,1.0
F_20200612064919_43.wav,0.0
F_20200612065419_44.wav,1.0
F_20200612065919_45.wav,1.0
F_20200612070419_46.wav,0.0
F_20200612070919_47.wav,0.0
F_20200612071419_48.wav,0.0
F_20200612071919_49.wav,1.0
F_20200612072419_50.wav,1.0
F_20200612072919_51.wav,1.0
F_20200612073419_52.wav,0.0
F_20200612073919_53.wav,0.0
F_20200612074419_54.wav,0.0
F_20200612074919_55.wav,0.0
F_20200612075419_56.wav,0.0
F_20200612075919_57.wav,1.0
F_20200612080420_58.wav,1.0
F_20200612080920_59.wav,1.0
F_20200612081420_60.wav,1.0
F_20200612081919_61.wav,1.0
F_20200612082420_62.wav,1.0
F_20200612082920_63.wav,0.0
F_20200612083420_64.wav,1.0
F_20200612083920_65.wav,1.0
F_20200612084420_66.wav,1.0
F_20200612084920_67.wav,1.0
F_20200612085420_68.wav,1.0
F_20200612085920_69.wav,0.0
F_20200612090420_70.wav,1.0
F_20200612090920_71.wav,0.0
F_20200612091926_72.wav,1.0
F_20200612092426_73.wav,0.0
F_20200612092926_74.wav,0.0
F_20200612093426_75.wav,0.0
F_20200612093926_76.wav,0.0
F_20200612094426_77.wav,0.0
F_20200612094926_78.wav,0.0
F_20200612095426_79.wav,1.0
F_20200612095926_80.wav,0.0
F_20200612100426_81.wav,0.0
F_20200612100926_82.wav,1.0
F_20200612101426_83.wav,0.0
F_20200612101926_84.wav,0.0
F_20200612102426_85.wav,0.0
F_20200612102926_86.wav,0.0
F_20200612103426_87.wav,1.0
F_20200612103926_88.wav,0.0
F_20200612104426_89.wav,1.0
F_20200612104926_90.wav,0.0
F_20200612105426_91.wav,0.0
F_20200612105926_92.wav,0.0
F_20200612110426_93.wav,0.0
F_20200612110926_94.wav,0.0
F_20200612111426_95.wav,0.0
F_20200612111926_96.wav,0.0
F_20200612112426_97.wav,0.0
F_20200612112926_98.wav,0.0
F_20200612113426_99.wav,0.0
F_20200612113926_100.wav,0.0
F_20200612114426_1.wav,0.0
F_20200612114926_2.wav,0.0
F_20200612115426_3.wav,0.0
F_20200612115926_4.wav,0.0
F_20200612120426_5.wav,0.0
F_20200612120926_6.wav,0.0
F_20200612121426_7.wav,0.0
F_20200612121926_8.wav,0.0
F_20200612122426_9.wav,0.0
F_20200612122926_10.wav,0.0
F_20200612123427_11.wav,0.0
F_20200612123927_12.wav,0.0
F_20200612124427_13.wav,0.0
F_20200612124927_14.wav,0.0
F_20200612125427_15.wav,0.0
F_20200612125927_16.wav,0.0
F_20200612130427_17.wav,0.0
F_20200612130927_18.wav,0.0
F_20200612131920_19.wav,0.0
F_20200612132420_20.wav,0.0
F_20200612132920_21.wav,0.0
F_20200612133420_22.wav,0.0
F_20200612133920_23.wav,0.0
F_20200612134420_24.wav,0.0
F_20200612134920_25.wav,0.0
F_20200612135420_26.wav,0.0
F_20200612135920_27.wav,0.0
F_20200612140420_28.wav,0.0
F_20200612140920_29.wav,0.0
F_20200612141420_30.wav,0.0
F_20200612141920_31.wav,0.0
F_20200612142420_32.wav,0.0
F_20200612142920_33.wav,0.0
F_20200612143420_34.wav,0.0
F_20200612143920_35.wav,0.0
F_20200612144420_36.wav,0.0
F_20200612144920_37.wav,0.0
F_20200612145420_38.wav,0.0
F_20200612145920_39.wav,0.0
F_20200612150420_40.wav,0.0
F_20200612150920_41.wav,0.0
F_20200612151420_42.wav,0.0
F_20200612151920_43.wav,0.0
F_20200612152420_44.wav,0.0
F_20200612152920_45.wav,0.0
F_20200612153420_46.wav,0.0
F_20200612153920_47.wav,0.0
F_20200612154420_48.wav,0.0
F_20200612154920_49.wav,0.0
F_20200612155420_50.wav,0.0
F_20200612155920_51.wav,0.0
F_20200612160420_52.wav,0.0
F_20200612160920_53.wav,0.0
F_20200612161420_54.wav,0.0
F_20200612161920_55.wav,0.0
F_20200612162420_56.wav,1.0
F_20200612162920_57.wav,0.0
F_20200612163420_58.wav,0.0
F_20200612163920_59.wav,0.0
F_20200612164420_60.wav,0.0
F_20200612164920_61.wav,0.0
F_20200612165420_62.wav,0.0
F_20200612165920_63.wav,0.0
F_20200612170420_64.wav,0.0
F_20200612170920_65.wav,0.0
F_20200612171934_66.wav,0.0
F_20200612172434_67.wav,0.0
F_20200612172934_68.wav,0.0
F_20200612173434_69.wav,0.0
F_20200612173934_70.wav,0.0
F_20200612174434_71.wav,0.0
F_20200612174934_72.wav,0.0
F_20200612175434_73.wav,0.0
F_20200612175934_74.wav,0.0
F_20200612180434_75.wav,0.0
F_20200612180934_76.wav,0.0
F_20200612181434_77.wav,0.0
F_20200612181934_78.wav,0.0
F_20200612182434_79.wav,0.0
F_20200612182934_80.wav,0.0
F_20200612183434_81.wav,0.0
F_20200612183934_82.wav,0.0
F_20200612184434_83.wav,0.0
F_20200612184934_84.wav,0.0
F_20200612185434_85.wav,0.0
F_20200612185934_86.wav,0.0
F_20200612190434_87.wav,0.0
F_20200612190934_88.wav,0.0
F_20200612191434_89.wav,0.0
F_20200612191934_90.wav,0.0
F_20200612192434_91.wav,0.0
F_20200612192934_92.wav,0.0
F_20200612193434_93.wav,0.0
F_20200612193934_94.wav,0.0
F_20200612194434_95.wav,0.0
F_20200612194934_96.wav,0.0
F_20200612195434_97.wav,0.0
F_20200612195934_98.wav,0.0
F_20200612200434_99.wav,0.0
F_20200612200934_100.wav,0.0
F_20200612201434_1.wav,0.0
F_20200612201934_2.wav,0.0
F_20200612202434_3.wav,0.0
F_20200612202934_4.wav,0.0
F_20200612203434_5.wav,0.0
F_20200612203934_6.wav,0.0
F_20200612204434_7.wav,0.0
F_20200612204934_8.wav,0.0
F_20200612205434_9.wav,0.0
F_20200612205934_10.wav,0.0
F_20200612210434_11.wav,0.0
F_20200612210934_12.wav,0.0
F_20200612211856_13.wav,0.0
F_20200612212356_14.wav,0.0
F_20200612212856_15.wav,0.0
F_20200612213356_16.wav,0.0
F_20200612213856_17.wav,1.0
F_20200612214356_18.wav,1.0
F_20200612214856_19.wav,1.0
F_20200612215356_20.wav,0.0
F_20200612215856_21.wav,1.0
F_20200612220356_22.wav,1.0
F_20200612220856_23.wav,1.0
F_20200612221356_24.wav,0.0
F_20200612221856_25.wav,1.0
F_20200612222356_26.wav,0.0
F_20200612222856_27.wav,1.0
F_20200612223356_28.wav,0.0
F_20200612223856_29.wav,1.0
F_20200612224356_30.wav,1.0
F_20200612224856_31.wav,1.0
F_20200612225356_32.wav,1.0
F_20200612225856_33.wav,1.0
F_20200612230356_34.wav,1.0
F_20200612230856_35.wav,1.0
F_20200612231356_36.wav,1.0
F_20200612231856_37.wav,1.0
F_20200612232356_38.wav,1.0
F_20200612232856_39.wav,1.0
F_20200612233356_40.wav,1.0
F_20200612233856_41.wav,1.0
F_20200612234356_42.wav,0.0
F_20200612234856_43.wav,1.0
F_20200612235357_44.wav,1.0
F_20200612235856_45.wav,1.0
F_20200613000357_46.wav,1.0
F_20200613000857_47.wav,1.0
F_20200613001357_48.wav,1.0
F_20200613001857_49.wav,1.0
F_20200613002357_50.wav,1.0
F_20200613002857_51.wav,1.0
F_20200613003357_52.wav,1.0
F_20200613003857_53.wav,1.0
F_20200613004357_54.wav,1.0
F_20200613004857_55.wav,1.0
F_20200613005357_56.wav,1.0
F_20200613005857_57.wav,1.0
F_20200613010357_58.wav,1.0
F_20200613010857_59.wav,1.0
F_20200613011905_60.wav,1.0
F_20200613012405_61.wav,1.0
F_20200613012906_62.wav,1.0
F_20200613013406_63.wav,1.0
F_20200613013906_64.wav,1.0
F_20200613014406_65.wav,1.0
F_20200613014906_66.wav,1.0
F_20200613015406_67.wav,1.0
F_20200613015906_68.wav,1.0
F_20200613020406_69.wav,1.0
F_20200613020906_70.wav,1.0
F_20200613021406_71.wav,1.0
F_20200613021906_72.wav,1.0
F_20200613022406_73.wav,1.0
F_20200613022906_74.wav,1.0
F_20200613023406_75.wav,1.0
F_20200613023906_76.wav,1.0
F_20200613024406_77.wav,1.0
F_20200613024906_78.wav,1.0
F_20200613025406_79.wav,1.0
F_20200613025906_80.wav,1.0
F_20200613030406_81.wav,1.0
F_20200613030906_82.wav,1.0
F_20200613031406_83.wav,1.0
F_20200613031906_84.wav,1.0
F_20200613032406_85.wav,1.0
F_20200613032906_86.wav,1.0
F_20200613033406_87.wav,1.0
F_20200613033906_88.wav,1.0
F_20200613034406_89.wav,1.0
F_20200613034906_90.wav,1.0
F_20200613035406_91.wav,1.0
F_20200613035906_92.wav,1.0
F_20200613040406_93.wav,1.0
F_20200613040906_94.wav,1.0
F_20200613041406_95.wav,1.0
F_20200613041906_96.wav,1.0
F_20200613042406_97.wav,1.0
F_20200613042906_98.wav,1.0
F_20200613043406_99.wav,0.0
F_20200613043906_100.wav,1.0
F_20200613044406_1.wav,1.0
F_20200613044906_2.wav,1.0
F_20200613045406_3.wav,1.0
F_20200613045906_4.wav,1.0
F_20200613050406_5.wav,1.0
F_20200613050906_6.wav,1.0
F_20200613051750_7.wav,1.0
F_20200613052250_8.wav,1.0
F_20200613052750_9.wav,1.0
F_20200613053250_10.wav,1.0
F_20200613053750_11.wav,0.0
F_20200613054250_12.wav,0.0
F_20200613054750_13.wav,1.0
F_20200613055250_14.wav,1.0
F_20200613055750_15.wav,1.0
F_20200613060250_16.wav,1.0
F_20200613060750_17.wav,1.0
F_20200613061250_18.wav,1.0
F_20200613061750_19.wav,0.0
F_20200613062250_20.wav,1.0
F_20200613062750_21.wav,0.0
F_20200613063250_22.wav,0.0
F_20200613063750_23.wav,0.0
F_20200613064250_24.wav,0.0
F_20200613064750_25.wav,0.0
F_20200613065250_26.wav,0.0
F_20200613065750_27.wav,0.0
F_20200613070250_28.wav,0.0
F_20200613070750_29.wav,1.0
F_20200613071250_30.wav,0.0
F_20200613071750_31.wav,0.0
F_20200613072250_32.wav,0.0
F_20200613072750_33.wav,0.0
F_20200613073250_34.wav,0.0
F_20200613073750_35.wav,0.0
F_20200613074250_36.wav,0.0
F_20200613074750_37.wav,0.0
F_20200613075250_38.wav,0.0
F_20200613075750_39.wav,0.0
F_20200613080250_40.wav,1.0
F_20200613080750_41.wav,0.0
F_20200613081250_42.wav,1.0
F_20200613081750_43.wav,1.0
F_20200613082250_44.wav,1.0
F_20200613082750_45.wav,1.0
F_20200613083250_46.wav,1.0
F_20200613083750_47.wav,1.0
F_20200613084250_48.wav,0.0
F_20200613084750_49.wav,0.0
F_20200613085250_50.wav,1.0
F_20200613085750_51.wav,0.0
F_20200613090250_52.wav,0.0
F_20200613090750_53.wav,0.0
F_20200529190947_13_T21.2.wav,0.0
F_20200604171131_1_T27.0.wav,0.0
F_20200604171742_2_T25.4.wav,0.0
F_20200604172242_3_T24.1.wav,0.0
F_20200604172748_4_T26.4.wav,0.0
F_20200604173248_5_T23.1.wav,0.0
F_20200604173748_6_T22.2.wav,0.0
F_20200604174305_7_T25.1.wav,0.0
F_20200604174805_8_T21.9.wav,0.0
F_20200604175305_9_T20.9.wav,0.0
F_20200604175805_10_T23.1.wav,0.0
F_20200708173400_1_T27.7.wav,0.0
F_20200708174011_2_T28.3.wav,0.0
F_20200708174512_3_T28.9.wav,0.0
F_20200708175028_4_T32.8.wav,0.0
F_20200708175528_5_T30.2.wav,0.0
F_20200708180028_6_T29.6.wav,0.0
F_20200708180520_7_T32.2.wav,0.0
F_20200708181020_8_T28.9.wav,0.0
F_20200708181521_9_T28.0.wav,0.0
F_20200708184532_4_T28.3.wav,0.0
F_20200708185032_5_T25.4.wav,0.0
F_20200708185532_6_T24.8.wav,0.0
